тест;nano_мкс;nano_тактов;yotik_мкс;yotik_тактов;esp32cam_мкс;esp32cam_тактов
op_empty;29416;23.53;674;8.09;675;8.1
op_add8;37876;30.3;1424;17.09;1424;17.09
op_add32;44160;35.33;1092;13.11;1093;13.12
op_mul32;130928;104.74;1088;13.07;1088;13.07
op_div32;806180;644.94;1339;16.07;1339;16.07
op_addf;188776;151.02;1090;13.08;1090;13.08
op_mulf;226496;181.2;1089;13.07;1088;13.07
op_divf;637684;510.15;5020;60.25;5020;60.25
op_muld;226484;181.19;10706;128.47;10707;128.48
call_flat;63020;50.42;2850;34.2;2848;34.17
call_deep;32564;26.05;4932;59.17;4930;59.16
mandel_float;817700;17035.42;1620;506.25;1618;505.62
mandel_fixed;168856;3517.83;1119;349.69;1118;349.37
mem_sram_step1;1888008;15.1;76480;9.03;80086;9.46
mem_sram_step2;944572;15.11;38239;9.03;41608;9.83
mem_sram_step4;472816;15.12;19122;9.04;20793;9.83
mem_sram_step8;236928;15.16;9562;9.04;10423;9.85
mem_sram_step16;119004;15.23;4782;9.04;5214;9.86
mem_sram_step32;60032;15.36;2393;9.05;2607;9.86
mem_sram_step64;30548;15.63;1199;9.07;1254;9.48
mem_sram_step128;15800;16.17;600;9.07;628;9.5
mem_flash_step1;2014012;16.1;160272;18.93;160237;18.93
mem_flash_step2;1007604;16.11;118072;27.9;118042;27.89
mem_flash_step4;504392;16.13;96576;45.64;96530;45.61
mem_flash_step8;252780;16.17;86154;81.42;86154;81.42
mem_flash_step16;126984;16.25;80566;152.28;80563;152.27
mem_flash_step32;64096;16.4;78190;295.57;78187;295.57
mem_flash_step64;32640;16.7;39112;295.71;39113;295.71
mem_flash_step128;16916;17.31;19539;295.45;19578;296.04
eeprom_write;100654;50327.0;;;;
eeprom_read;2126;1063.0;;;;
sram_write;34;17.0;;;;
f80_add32;;;3327;13.31;3330;13.32
f80_sram;;;3619;9.12;4328;10.91
f80_flash;;;43429;109.45;43431;109.45
f160_add32;;;1691;13.53;1696;13.57
f160_sram;;;1798;9.06;2444;12.32
f160_flash;;;39996;201.59;39998;201.6
f240_add32;;;1143;13.72;1148;13.78
f240_sram;;;1199;9.07;1800;13.61
f240_flash;;;39112;295.71;39122;295.78
mem_psram_step1;;;;;154096;17.63
mem_psram_step2;;;;;113424;25.96
mem_psram_step4;;;;;93714;42.9
mem_psram_step8;;;;;83470;76.42
mem_psram_step16;;;;;78696;144.09
mem_psram_step32;;;;;76278;279.34
mem_psram_step64;;;;;37834;277.1
mem_psram_step128;;;;;18840;275.98
f80_psram;;;;;42319;103.32
f160_psram;;;;;39152;191.18
f240_psram;;;;;37844;277.18
